rodada_id,mandante_media,mandante_pontos,mandante_variacao,mandante_atk,mandante_def,visitante_media,visitante_pontos,visitante_variacao,visitante_atk,visitante_def,resultado
36,55.92,59.839999999999996,4.130000000000001,593.2,440.4,57.349999999999994,32.84,-6.24,539.7,487.7,empate
36,51.64,24.98,-2.28,514.2,458.8,48.1,26.29,-2.34,558.8,534.3,empate
36,64.77,86.09,5.1,581.3000000000001,471.5,63.76,58.800000000000004,-2.2399999999999998,687.4,422.29999999999995,vitoria_mandante
36,50.94,63.709999999999994,-0.48000000000000026,676.8,488.0,66.1,85.65,-2.3,860.0,486.3,vitoria_visitante
36,42.36,37.85,-0.9400000000000002,441.0,492.4,56.41,53.58,-1.1,933.1,464.7,vitoria_visitante
36,54.1,86.09,6.720000000000001,763.1999999999999,538.9,58.55,20.51,-5.17,729.2,500.9,vitoria_mandante
36,64.68,54.13,0.6699999999999999,659.4,415.5,56.3,37.089999999999996,-1.4199999999999997,764.1,387.6,vitoria_mandante
36,50.06,56.62,4.8,532.8,441.7,46.66,52.58,3.33,584.4,460.2,empate
