rodada_id,mandante_media,mandante_pontos,mandante_variacao,mandante_atk,mandante_def,visitante_media,visitante_pontos,visitante_variacao,visitante_atk,visitante_def,resultado
34,54.769999999999996,101.8,11.78,508.5,390.59999999999997,40.69,37.85,-3.54,472.09999999999997,374.3,vitoria_mandante
34,51.51,58.6,3.6700000000000004,437.3,364.8,74.81,64.58,-2.11,768.1,612.6,empate
34,53.54,43.09,-2.4699999999999998,835.4,349.2,62.19,48.89,0.07999999999999996,725.1,624.1999999999999,vitoria_visitante
34,53.7,45.71,-3.6,486.0,459.4,55.61,39.38,-2.4,682.0,356.90000000000003,empate
34,62.46,62.64,-0.7999999999999999,687.0999999999999,448.1,40.22,36.0,1.7100000000000002,306.5,295.8,vitoria_mandante
34,49.36,20.18,-2.69,636.7,376.09999999999997,57.25,85.87,6.41,737.8,563.5999999999999,vitoria_visitante
34,41.83,39.27,-1.87,386.0,478.59999999999997,55.61,58.269999999999996,1.69,370.4,363.4,vitoria_visitante
34,61.28,46.69,-4.13,608.2,375.0,57.29,47.35,-2.41,718.1,362.8,empate
34,53.42,29.78,0.7000000000000001,545.4,538.8,69.25,73.44,0.11000000000000015,579.5,369.8,vitoria_visitante
