rodada_id,mandante_media,mandante_pontos,mandante_variacao,mandante_atk,mandante_def,visitante_media,visitante_pontos,visitante_variacao,visitante_atk,visitante_def,resultado
17,50.0,45.0,-1.91,285.1,188.1,62.440000000000005,32.4,-4.63,367.7,157.5,empate
17,48.33,43.75,-0.33,291.3,192.7,58.74,91.98,2.81,368.4,343.7,vitoria_visitante
17,62.69,82.27,5.54,467.6,245.0,41.05,36.22,-1.51,198.5,148.6,vitoria_mandante
17,53.22,76.49000000000001,5.89,369.8,251.0,51.76,42.98,-1.54,352.2,194.6,vitoria_mandante
17,60.61,73.0,2.3600000000000003,377.1,289.5,44.65,43.42,-0.3300000000000002,307.40000000000003,180.3,vitoria_mandante
17,56.66,73.55,0.65,373.0,254.8,71.67,48.55,-6.26,463.6,391.1,vitoria_mandante
